First Name,Last Name,Country/Region,Phone Number,Training Create Date,Industry,Street Address,Checkbox,Email,Temporary ID,Email Validation
,,,,2021-03-04,Poultry and fish,"Blake  Grove, 4981",Yes,tyson_newman1021718471@yahoo.com,89917963693,Valid
Tyson,Newman,Limerick,6-835-027-381 ext 82,2021-10-22,Poultry and fish,"Apollo  Crossroad, 6027",Yes,tyson_newman1021718471@yahoo.com,89932102170,Valid
,,Limerick,6-835-027-381 ext 66,2021-03-02,Meat,"Amwell    Tunnel, 3359",Yes,tyson_newman1021718471@yahoo.com,89929611547,Valid
,,Limerick,6-835-027-381 ext 58,2021-09-21,Bakery products,"Chester  Tunnel, 3543",Yes,tyson_newman1021718471@yahoo.com,89922854736,Valid
Sebastian,Parker,Plymouth,5-517-227-040 ext 78,2021-02-17,Dairy products,"Bales  Grove, 8324",Yes,sebastian_parker1458479109@joiniaa.com,89925035525,Valid
,,Plymouth,5-517-227-040 ext 8,2021-02-28,Poultry and fish,"Black Friars   Grove, 4713",Yes,sebastian_parker1458479109@joiniaa.com,89931250253,Valid
Sebastian,Parker,Plymouth,5-517-227-040 ext 53,2021-10-03,Poultry and fish,"Arbutus   Crossroad, 4836",Yes,sebastian_parker1458479109@joiniaa.com,89924010269,Valid
,,,,2021-09-24,Poultry and fish,"Sundown Road, 4207",Yes,sebastian_parker1458479109@joiniaa.com,89932287786,Valid
Sebastian,Parker,Plymouth,5-517-227-040 ext 85,2021-10-15,Dairy products,"Dutton   Boulevard, 4639",Yes,sebastian_parker1458479109@joiniaa.com,89923805568,Valid
,,Oxford,5-247-484-202 ext 7,2021-11-13,Animal feeds,"Cloth  Hill, 9582",Yes,sebastian_hope1518365261@hourpy.biz,89900063054,Valid
Sebastian,Hope,Oxford,,2021-09-26,Milling,"Cheney  Street, 9579",Yes,sebastian_hope1518365261@hourpy.biz,89923942532,Valid
,,Oxford,,2021-04-23,Animal feeds,"Apsley    Drive, 1477",Yes,sebastian_hope1518365261@hourpy.biz,89922822184,Valid
Sebastian,Hope,Oxford,,2021-01-16,Dairy products,"Ayres   Rue, 5830",Yes,sebastian_hope1518365261@hourpy.biz,89901150734,Valid
Sebastian,Hope,Oxford,5-247-484-202 ext 23,2021-01-14,Bakery products,"Camdenhurst   Hill, 7438",Yes,sebastian_hope1518365261@hourpy.biz,89924136544,Valid
Ryan,Welsch,England,2-778-635-604 ext 8,2021-04-28,Dairy products,"Collingwood  Road, 454",Yes,ryan_welsch107397896@famism.biz,89925842236,Valid
Ryan,Welsch,England,2-778-635-604 ext 42,2021-12-30,Meat,"Thorndike   Walk, 1902",Yes,ryan_welsch107397896@famism.biz,89892117671,Valid
,,England,,2021-02-03,Dairy products,"Bayberry Pass, 8073",Yes,ryan_welsch107397896@famism.biz,89923962368,Valid
,,England,,2021-09-15,Fruit and vegetables,"Clavell   Avenue, 1236",Yes,ryan_welsch107397896@famism.biz,89925020956,Valid
,,,,2021-10-03,Poultry and fish,"Gatonby   Rue, 6787",Yes,ryan_welsch107397896@famism.biz,89892590251,Valid
Ryan,Upsdell,,,2021-03-09,Milling,"Hampden  Vale, 7627",Yes,ryan_upsdell175534425@vetan.org,89932102169,Valid
,,,,2021-07-30,Fruit and vegetables,"Linda Lane Way, 3534",Yes,ryan_upsdell175534425@vetan.org,89931298428,Valid
,,,,2021-04-29,Fruit and vegetables,"Cockspur  Hill, 3419",Yes,ryan_upsdell175534425@vetan.org,89930179860,Valid
Ryan,Upsdell,Milton Keynes,,2021-03-11,Animal feeds,"Fawn Grove, 8487",Yes,ryan_upsdell175534425@vetan.org,89923942530,Valid
,,Milton Keynes,,2021-12-02,Dairy products,"Shepherds  Crossroad, 3275",Yes,ryan_upsdell175534425@vetan.org,89926024120,Valid
,,,,2021-10-12,Meat,"Egerton  Road, 6683",Yes,ryan_upsdell175534425@vetan.org,89924115518,Valid
Ryan,Upsdell,Milton Keynes,3-084-734-307 ext 38,2021-03-27,Fruit and vegetables,"Bury  Rue, 5932",Yes,ryan_upsdell175534425@vetan.org,89909954714,Valid
Roger,Jones,,,2021-07-18,Dairy products,"Longleigh   Walk, 7937",Yes,roger_jones1323472465@gompie.com,89923977097,Valid
,,,,2021-01-24,Milling,"Westbourne Alley, 642",Yes,roger_jones1323472465@gompie.com,89922983348,Valid
Roger,Jones,Limerick,8-377-344-307 ext 26,2021-08-14,Meat,"Bendall   Boulevard, 2683",Yes,roger_jones1323472465@gompie.com,89923912759,Valid
,,Limerick,8-377-344-307 ext 79,2021-06-25,Animal feeds,"Endsleigh  Tunnel, 138",Yes,roger_jones1323472465@gompie.com,89925710974,Valid
,,Limerick,8-377-344-307 ext 90,2021-09-04,Animal feeds,"Antrobus   Road, 7504",Yes,roger_jones1323472465@gompie.com,89931877401,Valid
,,Winchester,2-813-405-223 ext 2,2021-12-06,Animal feeds,"Fairfield  Tunnel, 4781",Yes,rocco_palmer160419466@infotech44.tech,89922983426,Valid
Rocco,Palmer,Winchester,2-813-405-223 ext 69,2021-07-30,Dairy products,"Boleyn  Grove, 7948",Yes,rocco_palmer160419466@infotech44.tech,89923912757,Valid
Rocco,Palmer,Winchester,2-813-405-223 ext 13,2021-05-31,Fruit and vegetables,"Buttonwood Walk, 9489",Yes,rocco_palmer160419466@infotech44.tech,89925130317,Valid
,,,,2021-06-17,Meat,"Longman   Tunnel, 6249",Yes,rocco_palmer160419466@infotech44.tech,89925160120,Valid
,,Winchester,2-813-405-223 ext 88,2021-06-02,Dairy products,"Oxford Boulevard, 9869",Yes,rocco_palmer160419466@infotech44.tech,89929063216,Valid
,,Winchester,2-813-405-223 ext 7,2021-05-09,Meat,"Blomfield  Grove, 8384",Yes,rocco_palmer160419466@infotech44.tech,89925035526,Valid
Rocco,Palmer,Winchester,2-813-405-223 ext 27,2021-04-27,Milling,"Bagford   Hill, 4868",Yes,rocco_palmer160419466@infotech44.tech,89922983429,Valid
Rocco,Martin,England,6-084-412-351 ext 97,2021-01-09,Animal feeds,"Wager   Street, 6624",Yes,rocco_martin507925367@eirey.tech,89925150296,Valid
Rocco,Martin,,,2021-12-28,Bakery products,"Clerkenwell Street, 1076",Yes,rocco_martin507925367@eirey.tech,89923178895,Valid
Rocco,Martin,England,6-084-412-351 ext 92,2021-05-01,Dairy products,"Buttonwood Rue, 7364",Yes,rocco_martin507925367@eirey.tech,89932071433,Valid
,,England,,2021-09-11,Fruit and vegetables,"Rivervalley Grove, 2799",Yes,rocco_martin507925367@eirey.tech,89922443658,Valid
,,England,,2021-11-25,Dairy products,"Thurloe   Hill, 6641",Yes,rocco_martin507925367@eirey.tech,89930179854,Valid
,,Limerick,,2021-01-18,Fruit and vegetables,"Timothy  Route, 574",Yes,ramon_preston2096761104@sheye.org,89931250248,Valid
,,Limerick,4-308-156-553 ext 73,2021-06-08,Bakery products,"Caedmon  Tunnel, 6227",Yes,ramon_preston2096761104@sheye.org,89930396319,Valid
Ramon,Preston,,,2021-12-18,Animal feeds,"Canon Way, 9950",Yes,ramon_preston2096761104@sheye.org,89923927868,Valid
Ramon,Preston,Limerick,4-308-156-553 ext 58,2021-11-03,Animal feeds,"Dyott   Vale, 9007",Yes,ramon_preston2096761104@sheye.org,89931877421,Valid
,,Limerick,,2021-11-24,Poultry and fish,"Arbutus   Route, 7624",Yes,ramon_preston2096761104@sheye.org,89924844311,Valid
Phillip,Cooper,England,6-020-264-200 ext 99,2021-07-23,Dairy products,"Chart   Grove, 4115",Yes,phillip_cooper2140654386@jiman.org,89929961593,Valid
,,,,2021-03-12,Bakery products,"Bond Walk, 5048",Yes,phillip_cooper2140654386@jiman.org,89929539361,Valid
Phillip,Cooper,England,6-020-264-200 ext 42,2021-02-03,Fruit and vegetables,"Argyle  Lane, 9868",Yes,phillip_cooper2140654386@jiman.org,89923927881,Valid
Phillip,Cooper,England,,2021-05-17,Fruit and vegetables,"Chart   Pass, 2430",,phillip_cooper2140654386@jiman.org,89929492392,Valid
,,England,6-020-264-200 ext 90,2021-02-19,Bakery products,"Archery  Vale, 2151",Yes,phillip_cooper2140654386@jiman.org,89911820657,Valid
Owen,Wigley,Waterford,0-802-713-401 ext 69,2021-02-11,Dairy products,"Elystan  Drive, 8938",Yes,owen_wigley177952980@extex.org,89915204355,Valid
Owen,Wigley,Waterford,0-802-713-401 ext 44,2021-01-17,Meat,"Blackheath  Vale, 8448",Yes,owen_wigley177952980@extex.org,89925130313,Valid
Owen,Wigley,Waterford,0-802-713-401 ext 49,2021-11-27,Fruit and vegetables,"Kingly  Way, 4888",Yes,owen_wigley177952980@extex.org,89926118278,Valid
,,Waterford,,2021-11-27,Animal feeds,"Cable    Road, 9639",Yes,owen_wigley177952980@extex.org,89931952546,Valid
,,Waterford,,2021-01-21,Poultry and fish,"Ayres   Boulevard, 6280",Yes,owen_wigley177952980@extex.org,89923912736,Valid
Owen,Wigley,,,2021-12-10,Bakery products,"King Avenue, 4034",Yes,owen_wigley177952980@extex.org,89932437534,Valid
,,Waterford,,2021-12-16,Animal feeds,"Dunstable   Alley, 1437",Yes,owen_wigley177952980@extex.org,89932102158,Valid
,,,,2021-12-07,Fruit and vegetables,"Linda   Alley, 9518",Yes,owen_wigley177952980@extex.org,89923942520,Valid
Oliver,Blackburn,,,2021-06-07,Milling,"Bond Road, 4019",Yes,oliver_blackburn1495449589@kideod.biz,89926118254,Valid
,,,,2021-04-29,Animal feeds,"Queen Caroline   Drive, 6882",Yes,oliver_blackburn1495449589@kideod.biz,89925150293,Valid
,,,,2021-12-06,Milling,"Belgrave  Lane, 1564",Yes,oliver_blackburn1495449589@kideod.biz,89925842287,Valid
Oliver,Blackburn,England,2-432-212-485 ext 55,2021-02-03,Animal feeds,"Maple Boulevard, 9759",Yes,oliver_blackburn1495449589@kideod.biz,89915204364,Valid
,,Oxford,,2021-11-29,Fruit and vegetables,"Becher  Way, 4309",Yes,noah_tanner17953585@acrit.org,89919436402,Valid
,,Oxford,3-156-686-087 ext 62,2021-03-16,Bakery products,"Birkin   Grove, 854",Yes,noah_tanner17953585@acrit.org,89931861415,Valid
,,Oxford,3-156-686-087 ext 92,2021-05-03,Fruit and vegetables,"Elystan  Pass, 6719",Yes,noah_tanner17953585@acrit.org,89929961628,Valid
Noah,Tanner,Oxford,3-156-686-087 ext 35,2021-08-09,Dairy products,"Clere  Avenue, 5521",Yes,noah_tanner17953585@acrit.org,89911820637,Valid
Noah,Tanner,Oxford,3-156-686-087 ext 4,2021-04-14,Poultry and fish,"Baylis  Alley, 9953",Yes,noah_tanner17953585@acrit.org,89929187464,Valid
Noah,Tanner,,,2021-10-14,Animal feeds,"King William  Hill, 3515",Yes,noah_tanner17953585@acrit.org,89929492380,Valid
Noah,Tanner,Oxford,3-156-686-087 ext 1,2021-10-17,Meat,"Walnut Vale, 1387",Yes,noah_tanner17953585@acrit.org,89926039870,Valid
Nate,Roth,Cork,6-807-838-610 ext 79,2021-07-11,Dairy products,"Thomas  Route, 9954",Yes,nate_roth902590743@liret.org,89923447134,Valid
,,,,2021-07-12,Milling,"Westcott  Alley, 8051",Yes,nate_roth902590743@liret.org,89930396313,Valid
,,Cork,6-807-838-610 ext 98,2021-11-03,Bakery products,"Becher  Road, 7759",Yes,nate_roth902590743@liret.org,89923927900,Valid
Nate,Roth,Cork,6-807-838-610 ext 62,2021-06-09,Bakery products,"Monroe Road, 4532",Yes,nate_roth902590743@liret.org,89922060627,Valid
Nate,Roth,Cork,6-807-838-610 ext 52,2021-01-25,Meat,"Maple Grove, 1863",Yes,nate_roth902590743@liret.org,89922060626,Valid
,,,,2021-05-06,Dairy products,"Empress  Avenue, 6825",Yes,nate_roth902590743@liret.org,89929358162,Valid
Nate,Roth,Cork,,2021-08-03,Meat,"Cingworth  Grove, 5344",Yes,nate_roth902590743@liret.org,89930179862,Valid
,,,,2021-06-11,Milling,"Blore  Rue, 6598",Yes,michael_veale472491137@gembat.biz,89931877395,Valid
,,Oxford,,2021-10-25,Dairy products,"Walnut Lane, 2614",Yes,michael_veale472491137@gembat.biz,89924844331,Valid
Michael,Veale,Oxford,0-181-727-057 ext 96,2021-07-31,Meat,"Berriman  Lane, 9321",Yes,michael_veale472491137@gembat.biz,89926071692,Valid
Michael,Veale,Oxford,0-181-727-057 ext 80,2021-08-11,Fruit and vegetables,"Bellenden   Drive, 6655",Yes,michael_veale472491137@gembat.biz,89923805573,Valid
,,Oxford,0-181-727-057 ext 26,2021-11-08,Dairy products,"Blackheath  Street, 7891",Yes,michael_veale472491137@gembat.biz,89922872870,Valid
Michael,Veale,Oxford,0-181-727-057 ext 3,2021-02-12,Fruit and vegetables,"Archery  Street, 1509",Yes,michael_veale472491137@gembat.biz,89922443656,Valid
Matthew,Fowler,Milton Keynes,7-733-138-312 ext 54,2021-03-05,Poultry and fish,"Caslon   Tunnel, 4352",Yes,matthew_fowler696833773@kideod.biz,89929358158,Valid
,,,,2021-10-01,Bakery products,"Sherlock   Alley, 8793",,matthew_fowler696833773@kideod.biz,89932071440,Valid
,,,,2021-10-27,Fruit and vegetables,"Gatonby   Pass, 8912",Yes,matthew_fowler696833773@kideod.biz,89926039871,Valid
,,Milton Keynes,7-733-138-312 ext 12,2021-07-01,Dairy products,"Marischal  Boulevard, 970",Yes,matthew_fowler696833773@kideod.biz,89925160114,Valid
Mason,Redfern,,,2021-08-12,Fruit and vegetables,"Camdenhurst   Street, 2762",Yes,mason_redfern1913258047@extex.org,89903791128,Valid
Mason,Redfern,Winchester,3-073-480-524 ext 56,2021-01-15,Dairy products,"Catherine  Pass, 1830",Yes,mason_redfern1913258047@extex.org,89922872835,Valid
Mason,Redfern,,,2021-09-05,Bakery products,"Wakley   Boulevard, 5558",Yes,mason_redfern1913258047@extex.org,89925160116,Valid
Mason,Redfern,,,2021-04-11,Meat,"Carol   Grove, 9305",Yes,mason_redfern1913258047@extex.org,89915204278,Valid
,,,,2021-01-18,Bakery products,"Cardinal Lane, 8871",Yes,mason_redfern1913258047@extex.org,89924136507,Valid
Leroy,Harris,Plymouth,,2021-01-14,Fruit and vegetables,"Aylward   Street, 2377",Yes,leroy_harris84853752@bulaffy.com,89932102073,Valid
,,Plymouth,7-771-717-555 ext 44,2021-07-26,Fruit and vegetables,"Dunsley  Vale, 2781",Yes,leroy_harris84853752@bulaffy.com,89923852602,Valid
,,Plymouth,,2021-03-18,Milling,"Kingly  Road, 1319",Yes,leroy_harris84853752@bulaffy.com,89925150322,Valid
,,,,2021-08-25,Bakery products,"Blue Anchor  Street, 7867",Yes,leroy_harris84853752@bulaffy.com,89929492370,Valid
Leroy,Harris,Plymouth,7-771-717-555 ext 92,2021-12-13,Fruit and vegetables,"Paris   Street, 2550",Yes,leroy_harris84853752@bulaffy.com,89924714042,Valid
Leroy,Dwyer,Ireland,2-004-788-350 ext 84,2021-06-13,Bakery products,"Cavell   Street, 7744",Yes,leroy_dwyer505528803@brety.org,89931266318,Valid
Leroy,Dwyer,Ireland,2-004-788-350 ext 71,2021-11-26,Animal feeds,"Emily  Way, 7361",Yes,leroy_dwyer505528803@brety.org,89882990462,Valid
,,Ireland,2-004-788-350 ext 72,2021-10-15,Meat,"Clyde Rue, 3963",Yes,leroy_dwyer505528803@brety.org,89929358172,Valid
,,Ireland,2-004-788-350 ext 16,2021-08-24,Poultry and fish,"Wager   Street, 7660",Yes,leroy_dwyer505528803@brety.org,89925130318,Valid
,,,,2021-05-31,Bakery products,"Caedmon  Hill, 7090",Yes,leroy_dwyer505528803@brety.org,89922822181,Valid
,,Plymouth,3-041-257-410 ext 15,2021-09-18,Dairy products,"Apsley    Avenue, 5969",Yes,kurt_may1371640774@corti.com,89924828750,Valid
Kurt,May,,,2021-01-23,Fruit and vegetables,"Unwin  Lane, 8766",Yes,kurt_may1371640774@corti.com,89922428438,Valid
,,Plymouth,3-041-257-410 ext 86,2021-01-06,Dairy products,"Canning  Avenue, 7570",Yes,kurt_may1371640774@corti.com,89926071688,Valid
Kurt,May,Plymouth,3-041-257-410 ext 23,2021-01-30,Bakery products,"Carlisle  Rue, 694",Yes,kurt_may1371640774@corti.com,89931827055,Valid
,,Plymouth,,2021-10-24,Animal feeds,"Clifton  Boulevard, 4920",Yes,kurt_may1371640774@corti.com,89926024210,Valid
,,England,,2021-12-14,Animal feeds,"Chantry   Way, 7072",Yes,julius_corbett117840293@jiman.org,89923927852,Valid
,,England,3-628-508-743 ext 91,2021-08-26,Fruit and vegetables,"Billing  Hill, 7837",Yes,julius_corbett117840293@jiman.org,89925130293,Valid
,,England,3-628-508-743 ext 11,2021-10-15,Animal feeds,"Arline    Avenue, 4136",Yes,julius_corbett117840293@jiman.org,89925695073,Valid
,,,,2021-06-15,Dairy products,"Zealand Boulevard, 8275",Yes,julius_corbett117840293@jiman.org,89924844310,Valid
Julius,Corbett,England,3-628-508-743 ext 19,2021-10-24,Bakery products,"West Walk, 6366",Yes,julius_corbett117840293@jiman.org,89923852607,Valid
,,England,3-628-508-743 ext 74,2021-07-24,Poultry and fish,"Byland  Boulevard, 9520",Yes,julius_corbett117840293@jiman.org,89925035437,Valid
Julian,Farrow,Dublin,0-672-653-357 ext 97,2021-04-27,Milling,"Cavaye  Rue, 6315",Yes,julian_farrow1141858439@gembat.biz,89901150613,Valid
,,Dublin,,2021-10-16,Fruit and vegetables,"Clissold  Avenue, 3747",Yes,julian_farrow1141858439@gembat.biz,89917963689,Valid
Julian,Farrow,,,2021-11-14,Poultry and fish,"Cephas  Avenue, 8330",Yes,julian_farrow1141858439@gembat.biz,89924859425,Valid
Julian,Farrow,Dublin,0-672-653-357 ext 66,2021-11-02,Milling,"Andrews  Alley, 1970",Yes,julian_farrow1141858439@gembat.biz,89925150295,Valid
,,Dublin,,2021-05-16,Fruit and vegetables,"Durham Tunnel, 5691",Yes,julian_farrow1141858439@gembat.biz,89925035430,Valid
,,Dublin,0-672-653-357 ext 37,2021-06-13,Fruit and vegetables,"Emden   Road, 8840",Yes,julian_farrow1141858439@gembat.biz,89931827054,Valid
Julian,Bell,Oxford,,2021-04-02,Animal feeds,"Fieldstone Boulevard, 3554",Yes,julian_bell2037709199@bauros.biz,89924844312,Valid
,,Oxford,,2021-01-30,Poultry and fish,"Calverley  Way, 3250",Yes,julian_bell2037709199@bauros.biz,89923942527,Valid
,,,,2021-10-23,Fruit and vegetables,"Black Friars   Lane, 8946",Yes,julian_bell2037709199@bauros.biz,89900742272,Valid
Julian,Bell,Oxford,4-310-487-058 ext 43,2021-03-26,Milling,"Caxton  Way, 1398",Yes,julian_bell2037709199@bauros.biz,89922836918,Valid
,,Limerick,5-126-006-674 ext 88,2021-03-24,Animal feeds,"Billing  Pass, 9636",Yes,johnathan_campbell236114447@typill.biz,89881198621,Valid
Johnathan,Campbell,Limerick,5-126-006-674 ext 41,2021-06-22,Milling,"Yorkshire  Avenue, 4759",Yes,johnathan_campbell236114447@typill.biz,89932287767,Valid
Johnathan,Campbell,Limerick,5-126-006-674 ext 83,2021-02-02,Bakery products,"Beatty  Alley, 71",Yes,johnathan_campbell236114447@typill.biz,89926024205,Valid
,,Limerick,,2021-06-28,Animal feeds,"Cockspur  Boulevard, 1067",Yes,johnathan_campbell236114447@typill.biz,89878047314,Valid
,,Limerick,,2021-05-19,Poultry and fish,"Cave   Tunnel, 9415",Yes,johnathan_campbell236114447@typill.biz,89929492394,Valid
Jack,Nobbs,Oxford,0-104-356-031 ext 7,2021-07-12,Dairy products,"Union  Pass, 9912",Yes,jack_nobbs214667606@supunk.biz,89929492362,Valid
,,Oxford,0-104-356-031 ext 55,2021-07-07,Milling,"South Drive, 5173",Yes,jack_nobbs214667606@supunk.biz,89929187484,Valid
Jack,Nobbs,Oxford,,2021-07-04,Bakery products,"Thoresby   Alley, 2137",Yes,jack_nobbs214667606@supunk.biz,89923805520,Valid
Jack,Nobbs,Oxford,,2021-07-31,Animal feeds,"Pine Route, 3220",Yes,jack_nobbs214667606@supunk.biz,89919436354,Valid
Jack,Nobbs,Oxford,0-104-356-031 ext 27,2021-05-09,Animal feeds,"Sherlock   Alley, 7670",Yes,jack_nobbs214667606@supunk.biz,89892590203,Valid
,,Oxford,2-252-472-230 ext 42,2021-06-20,Bakery products,"Belmont Park Rue, 9239",Yes,henry_parker936902021@fuliss.net,89931893075,Valid
,,Oxford,,2021-10-12,Fruit and vegetables,"Coalecroft  Lane, 2001",Yes,henry_parker936902021@fuliss.net,89929611532,Valid
Henry,Parker,Oxford,2-252-472-230 ext 77,2021-05-01,Animal feeds,"Canon Boulevard, 4693",Yes,henry_parker936902021@fuliss.net,89881198496,Valid
,,Oxford,2-252-472-230 ext 84,2021-02-01,Fruit and vegetables,"Caxton  Tunnel, 5501",Yes,henry_parker936902021@fuliss.net,89924714045,Valid
,,Winchester,6-402-362-731 ext 33,2021-12-29,Milling,"Gavel   Route, 3156",Yes,harvey_pearson1222727439@twace.org,89923836039,Valid
Harvey,Pearson,,,2021-04-25,Poultry and fish,"Bacon  Boulevard, 6318",Yes,harvey_pearson1222727439@twace.org,89922854725,Valid
,,,,2021-04-12,Milling,"Tisbury  Alley, 7061",Yes,harvey_pearson1222727439@twace.org,89911820630,Valid
Harvey,Pearson,Winchester,6-402-362-731 ext 28,2021-02-07,Poultry and fish,"Cobden  Vale, 253",Yes,harvey_pearson1222727439@twace.org,89931298416,Valid
,,Winchester,,2021-03-13,Dairy products,"Carlton  Route, 8819",Yes,harvey_pearson1222727439@twace.org,89929961609,Valid
,,Winchester,,2021-06-11,Fruit and vegetables,"Colombo   Alley, 8250",Yes,harvey_pearson1222727439@twace.org,89923178853,Valid
Harvey,Pearson,Winchester,,2021-11-10,Meat,"Anns  Lane, 8484",Yes,harvey_pearson1222727439@twace.org,89909954676,Valid
,,Winchester,6-402-362-731 ext 37,2021-01-26,Fruit and vegetables,"Bayberry Alley, 4776",Yes,harvey_pearson1222727439@twace.org,89892117656,Valid
,,Limerick,0-704-368-057 ext 97,2021-07-13,Bakery products,"Blendon    Street, 1354",Yes,harvey_jackson1123990488@naiker.biz,89929063183,Valid
Harvey,Jackson,Limerick,0-704-368-057 ext 52,2021-09-11,Meat,"Magnolia Rue, 6262",Yes,harvey_jackson1123990488@naiker.biz,89925130312,Valid
,,,,2021-10-23,Milling,"Carlton  Pass, 6800",Yes,harvey_jackson1123990488@naiker.biz,89911820615,Valid
,,Limerick,0-704-368-057 ext 68,2021-03-18,Meat,"Queen Rue, 1939",Yes,harvey_jackson1123990488@naiker.biz,89926039855,Valid
,,Limerick,0-704-368-057 ext 89,2021-03-01,Bakery products,"Blue Anchor  Route, 1723",Yes,harvey_jackson1123990488@naiker.biz,89922619513,Valid
Harvey,Jackson,,,2021-01-08,Meat,"Bacon  Pass, 1810",Yes,harvey_jackson1123990488@naiker.biz,89922983317,Valid
Harry,Tutton,London,0-074-252-015 ext 57,2021-01-30,Poultry and fish,"Thorndike   Route, 5913",Yes,harry_tutton509901574@typill.biz,89922872862,Valid
,,London,0-074-252-015 ext 43,2021-02-02,Fruit and vegetables,"Jackson Road, 8277",Yes,harry_tutton509901574@typill.biz,89925035427,Valid
,,London,0-074-252-015 ext 81,2021-08-12,Dairy products,"Fieldstone Route, 2347",Yes,harry_tutton509901574@typill.biz,89929063175,Valid
,,London,,2021-08-03,Bakery products,"Canon Rue, 4270",Yes,harry_tutton509901574@typill.biz,89924828735,Valid
,,London,0-074-252-015 ext 90,2021-05-20,Dairy products,"Ellerslie Tunnel, 2165",Yes,harry_tutton509901574@typill.biz,89925826832,Valid
Hank,Roberts,Oxford,1-655-221-211 ext 9,2021-10-11,Milling,"Sheringham   Route, 2097",Yes,hank_roberts1808907109@twipet.com,89925710954,Valid
Hank,Roberts,Oxford,1-655-221-211 ext 64,2021-09-13,Bakery products,"Canon Walk, 1444",Yes,hank_roberts1808907109@twipet.com,89931952550,Valid
Hank,Roberts,Oxford,,2021-06-21,Poultry and fish,"Sherwood  Hill, 253",Yes,hank_roberts1808907109@twipet.com,89924115488,Valid
Hank,Roberts,,,2021-07-29,Animal feeds,"Tiptree   Avenue, 6215",Yes,hank_roberts1808907109@twipet.com,89925035424,Valid
,,Oxford,1-655-221-211 ext 24,2021-07-31,Animal feeds,"Linda Lane Avenue, 276",Yes,hank_roberts1808907109@twipet.com,89901150601,Valid
,,Plymouth,,2021-09-05,Meat,"Berriman  Road, 3666",Yes,george_radcliffe235655210@nanoff.biz,89923912714,Valid
,,,,2021-06-06,Bakery products,"Abbey   Drive, 4609",Yes,george_radcliffe235655210@nanoff.biz,89931266199,Valid
,,,,2021-11-26,Bakery products,"Sheringham   Tunnel, 8422",Yes,george_radcliffe235655210@nanoff.biz,89882836580,Valid
George,Radcliffe,,,2021-09-21,Milling,"Castlereagh   Pass, 1084",Yes,george_radcliffe235655210@nanoff.biz,89932287749,Valid
George,Radcliffe,Plymouth,5-544-338-442 ext 97,2021-01-14,Milling,"Ellerman   Hill, 5767",Yes,george_radcliffe235655210@nanoff.biz,89926296147,Valid
,,,,2021-02-17,Poultry and fish,"Anns  Crossroad, 1852",Yes,george_radcliffe235655210@nanoff.biz,89929961575,Valid
,,Plymouth,5-544-338-442 ext 88,2021-02-25,Bakery products,"Thurloe   Drive, 6069",Yes,george_radcliffe235655210@nanoff.biz,89900063003,Valid
George,Radcliffe,Plymouth,5-544-338-442 ext 23,2021-04-16,Meat,"Elf  Grove, 736",Yes,george_radcliffe235655210@nanoff.biz,89922428440,Valid
,,,,2021-08-01,Meat,"Berriman  Alley, 2466",Yes,ethan_reynolds1948188016@fuliss.net,89897092524,Valid
,,,,2021-02-11,Milling,"Viscount   Rue, 3855",Yes,ethan_reynolds1948188016@fuliss.net,89922428439,Valid
Ethan,Reynolds,London,4-445-265-420 ext 41,2021-06-08,Animal feeds,"Chamberlain  Walk, 1884",Yes,ethan_reynolds1948188016@fuliss.net,89922983335,Valid
Ethan,Reynolds,London,4-445-265-420 ext 68,2021-04-27,Dairy products,"Mariner  Road, 5893",Yes,ethan_reynolds1948188016@fuliss.net,89917963663,Valid
,,London,4-445-265-420 ext 62,2021-02-09,Poultry and fish,"Blanchard  Street, 1114",Yes,ethan_reynolds1948188016@fuliss.net,89923962248,Valid
,,,,2021-07-04,Bakery products,"Anns  Rue, 3604",Yes,erick_holt2014841980@ovock.tech,89931877416,Valid
Erick,Holt,Waterford,4-116-362-857 ext 70,2021-07-08,Animal feeds,"Belgrave  Crossroad, 7401",Yes,erick_holt2014841980@ovock.tech,89924844207,Valid
Erick,Holt,Waterford,4-116-362-857 ext 15,2021-12-08,Dairy products,"Birkbeck  Route, 2358",Yes,erick_holt2014841980@ovock.tech,89921852509,Valid
,,,,2021-01-18,Animal feeds,"Carltoun   Hill, 6551",Yes,erick_holt2014841980@ovock.tech,89900062990,Valid
Erick,Holt,Waterford,4-116-362-857 ext 80,2021-12-17,Bakery products,"Camera  Tunnel, 3496",Yes,erick_holt2014841980@ovock.tech,89878047288,Valid
Erick,Holt,Waterford,4-116-362-857 ext 19,2021-04-07,Meat,"Bales  Drive, 1780",Yes,erick_holt2014841980@ovock.tech,89926118237,Valid
Eduardo,Quinn,Oxford,1-660-817-711 ext 52,2021-09-15,Poultry and fish,"Bingham   Boulevard, 5368",Yes,eduardo_quinn1602340966@famism.biz,89930378611,Valid
,,Oxford,1-660-817-711 ext 64,2021-01-28,Fruit and vegetables,"Linda   Alley, 2947",Yes,eduardo_quinn1602340966@famism.biz,89931861418,Valid
Eduardo,Quinn,Oxford,,2021-03-10,Poultry and fish,"Wake  Avenue, 6864",Yes,eduardo_quinn1602340966@famism.biz,89923821148,Valid
,,,,2021-03-22,Fruit and vegetables,"King Street, 1744",Yes,eduardo_quinn1602340966@famism.biz,89923805549,Valid
Eduardo,Quinn,Oxford,,2021-08-09,Dairy products,"Castle Route, 2193",Yes,eduardo_quinn1602340966@famism.biz,89931877295,Valid
,,Oxford,1-660-817-711 ext 90,2021-09-04,Poultry and fish,"Dutton   Boulevard, 2693",Yes,eduardo_quinn1602340966@famism.biz,89925826822,Valid
Eduardo,Long,,,2021-07-20,Poultry and fish,"Virginia Way, 9273",Yes,eduardo_long1683975626@bretoux.com,89925842201,Valid
Eduardo,Long,Ireland,5-850-843-832 ext 41,2021-02-24,Fruit and vegetables,"Bacon  Lane, 3421",Yes,eduardo_long1683975626@bretoux.com,89931877304,Valid
,,,,2021-10-20,Dairy products,"Westbourne Drive, 4339",Yes,eduardo_long1683975626@bretoux.com,89917963680,Valid
,,Ireland,5-850-843-832 ext 65,2021-05-11,Meat,"Bales  Grove, 4808",Yes,eduardo_long1683975626@bretoux.com,89930378618,Valid
,,Ireland,5-850-843-832 ext 49,2021-06-10,Fruit and vegetables,"Blenkarne  Boulevard, 2501",Yes,eduardo_long1683975626@bretoux.com,89926071661,Valid
,,,,2021-07-01,Animal feeds,"Ely  Route, 4149",Yes,eduardo_glynn1811301568@tonsy.org,89923962252,Valid
,,Oxford,3-045-348-838 ext 65,2021-03-13,Dairy products,"Durham Grove, 3005",Yes,eduardo_glynn1811301568@tonsy.org,89932437518,Valid
,,Oxford,3-045-348-838 ext 12,2021-12-26,Meat,"Durnford  Drive, 3728",Yes,eduardo_glynn1811301568@tonsy.org,89909954657,Valid
,,Oxford,3-045-348-838 ext 90,2021-05-03,Poultry and fish,"Marischal  Route, 111",Yes,eduardo_glynn1811301568@tonsy.org,89924714035,Valid
,,Oxford,,2021-08-26,Milling,"Camera  Alley, 7072",Yes,eduardo_glynn1811301568@tonsy.org,89925000704,Valid
Eduardo,Glynn,Oxford,3-045-348-838 ext 1,2021-04-19,Dairy products,"Virgil   Tunnel, 5044",Yes,eduardo_glynn1811301568@tonsy.org,89922428471,Valid
,,Oxford,,2021-01-05,Poultry and fish,"Queensberry  Pass, 2257",Yes,eduardo_glynn1811301568@tonsy.org,89932086671,Valid
Denis,Boyle,England,6-678-565-525 ext 90,2021-08-16,Animal feeds,"Clarks  Alley, 4115",Yes,denis_boyle1570473023@gompie.com,89922619505,Valid
Denis,Boyle,,,2021-06-05,Milling,"Baylis  Avenue, 5518",Yes,denis_boyle1570473023@gompie.com,89925992607,Valid
Denis,Boyle,England,6-678-565-525 ext 36,2021-10-12,Poultry and fish,"Enford   Road, 7959",Yes,denis_boyle1570473023@gompie.com,89925020851,Valid
Denis,Boyle,England,6-678-565-525 ext 16,2021-05-25,Poultry and fish,"Babmaes    Walk, 586",Yes,denis_boyle1570473023@gompie.com,89901150602,Valid
,,England,,2021-11-06,Fruit and vegetables,"Viscount   Alley, 4038",Yes,denis_boyle1570473023@gompie.com,89924010167,Valid
,,Cork,2-530-622-225 ext 90,2021-09-17,Dairy products,"Queen Street, 3103",Yes,denis_amstead1787356310@acrit.org,89882990438,Valid
Denis,Amstead,,,2021-01-10,Fruit and vegetables,"Baltic  Way, 9748",Yes,denis_amstead1787356310@acrit.org,89882990468,Valid
Denis,Amstead,Cork,2-530-622-225 ext 63,2021-02-04,Milling,"Rosewood Tunnel, 1409",Yes,denis_amstead1787356310@acrit.org,89931266308,Valid
,,Cork,2-530-622-225 ext 60,2021-12-14,Meat,"Cardinal Tunnel, 3210",Yes,denis_amstead1787356310@acrit.org,89923977065,Valid
,,,,2021-02-24,Bakery products,"Kinglake  Hill, 2025",Yes,denis_amstead1787356310@acrit.org,89925035445,Valid
,,Cork,,2021-03-14,Dairy products,"Blackheath  Alley, 5222",Yes,denis_amstead1787356310@acrit.org,89923836006,Valid
,,Cork,,2021-03-28,Animal feeds,"Clerkenwell Boulevard, 1821",Yes,denis_amstead1787356310@acrit.org,89917963662,Valid
,,,,2021-01-31,Fruit and vegetables,"Angela   Hill, 2267",Yes,daniel_owen1303681224@fuliss.net,89926118234,Valid
Daniel,Owen,Limerick,5-574-876-421 ext 81,2021-01-25,Milling,"Hammersmith  Road, 496",Yes,daniel_owen1303681224@fuliss.net,89932437504,Valid
Daniel,Owen,,,2021-08-25,Bakery products,"Ernest  Rue, 9670",Yes,daniel_owen1303681224@fuliss.net,89902964813,Valid
Daniel,Owen,,,2021-06-15,Poultry and fish,"Falconberg   Route, 2146",Yes,daniel_owen1303681224@fuliss.net,89929063197,Valid
,,,,2021-10-12,Dairy products,"Fawn Vale, 8782",Yes,daniel_owen1303681224@fuliss.net,89900742263,Valid
,,Milton Keynes,7-204-236-315 ext 46,2021-10-16,Animal feeds,"Chart   Alley, 9891",Yes,clint_yard287681084@iatim.tech,89881198497,Valid
Clint,Yard,Milton Keynes,7-204-236-315 ext 44,2021-12-14,Dairy products,"Waldram Park  Grove, 6478",Yes,clint_yard287681084@iatim.tech,89903791028,Valid
Clint,Yard,,,2021-08-28,Bakery products,"Thorndike   Way, 83",Yes,clint_yard287681084@iatim.tech,89931319145,Valid
Clint,Yard,,,2021-08-23,Bakery products,"Biggerstaff   Road, 6797",Yes,clint_yard287681084@iatim.tech,89929944227,Valid
Clint,Yard,Milton Keynes,7-204-236-315 ext 76,2021-11-30,Meat,"Chambers  Street, 97",Yes,clint_yard287681084@iatim.tech,89929640358,Valid
Clint,Yard,Milton Keynes,7-204-236-315 ext 16,2021-05-27,Dairy products,"Coal Wharf  Pass, 6986",Yes,clint_yard287681084@iatim.tech,89925000594,Valid
Clint,Yard,,,2021-12-27,Fruit and vegetables,"Sheringham   Route, 2058",Yes,clint_yard287681084@iatim.tech,89919436369,Valid
Chester,Windsor,Waterford,8-318-086-458 ext 8,2021-12-23,Meat,"Marischal  Route, 3412",Yes,chester_windsor1604043110@extex.org,89922872740,Valid
,,Waterford,,2021-10-05,Poultry and fish,"Bective  Alley, 501",Yes,chester_windsor1604043110@extex.org,89931282310,Valid
Chester,Windsor,Waterford,8-318-086-458 ext 36,2021-06-09,Poultry and fish,"Linda   Road, 1147",Yes,chester_windsor1604043110@extex.org,89923836001,Valid
Chester,Windsor,,,2021-03-06,Meat,"Fieldstone Pass, 8173",Yes,chester_windsor1604043110@extex.org,89931319146,Valid
,,Waterford,,2021-03-10,Dairy products,"Monroe Crossroad, 150",Yes,chester_windsor1604043110@extex.org,89921852535,Valid
Chester,Windsor,Waterford,8-318-086-458 ext 37,2021-09-03,Milling,"Maple Vale, 1465",Yes,chester_windsor1604043110@extex.org,89909954693,Valid
,,Waterford,8-318-086-458 ext 52,2021-08-20,Animal feeds,"Dutton   Grove, 7341",Yes,chester_windsor1604043110@extex.org,89882836584,Valid
,,,,2021-04-08,Fruit and vegetables,"Garfield Walk, 5117",Yes,chester_windsor1604043110@extex.org,89931861413,Valid
Chad,Paterson,London,4-454-480-214 ext 74,2021-01-11,Fruit and vegetables,"Rivervalley Tunnel, 1160",Yes,chad_paterson2093044322@typill.biz,89925150311,Valid
,,London,,2021-05-15,Poultry and fish,"Cockspur  Boulevard, 1349",Yes,chad_paterson2093044322@typill.biz,89932102048,Valid
Chad,Paterson,,,2021-09-19,Meat,"Westbourne Tunnel, 7654",Yes,chad_paterson2093044322@typill.biz,89925710947,Valid
,,London,,2021-12-29,Meat,"Marina  Crossroad, 352",Yes,chad_paterson2093044322@typill.biz,89878047279,Valid
,,,,2021-07-01,Poultry and fish,"Ampton  Road, 3305",Yes,bryon_james964377164@gompie.com,89919436340,Valid
Bryon,James,Waterford,4-240-711-356 ext 14,2021-11-30,Poultry and fish,"Walnut Boulevard, 3808",Yes,bryon_james964377164@gompie.com,89923962238,Valid
,,Waterford,4-240-711-356 ext 18,2021-04-25,Fruit and vegetables,"Cavendish Lane, 2568",Yes,bryon_james964377164@gompie.com,89931861383,Valid
Bryon,James,Waterford,4-240-711-356 ext 85,2021-03-30,Poultry and fish,"Mariner  Way, 445",Yes,bryon_james964377164@gompie.com,89929611413,Valid
,,Waterford,4-240-711-356 ext 64,2021-01-10,Fruit and vegetables,"Mariner  Vale, 7482",Yes,bryon_james964377164@gompie.com,89932287673,Valid
Bryon,James,Waterford,4-240-711-356 ext 83,2021-09-09,Poultry and fish,"Antrobus   Lane, 5310",Yes,bryon_james964377164@gompie.com,89926296101,Valid
,,Milton Keynes,7-012-324-125 ext 73,2021-01-19,Fruit and vegetables,"Castile  Crossroad, 2470",Yes,brad_turner714061428@bretoux.com,89929063176,Valid
,,Milton Keynes,7-012-324-125 ext 42,2021-04-21,Milling,"Anns  Walk, 233",Yes,brad_turner714061428@bretoux.com,89922060599,Valid
Brad,Turner,Milton Keynes,,2021-05-27,Meat,"Burton  Drive, 1188",Yes,brad_turner714061428@bretoux.com,89922428455,Valid
Brad,Turner,Milton Keynes,7-012-324-125 ext 78,2021-03-01,Meat,"Dyott   Alley, 6300",Yes,brad_turner714061428@bretoux.com,89924828738,Valid
,,Milton Keynes,7-012-324-125 ext 89,2021-10-22,Poultry and fish,"Chancellor  Lane, 699",Yes,brad_turner714061428@bretoux.com,89892590193,Valid
Brad,Nash,Oxford,2-737-182-784 ext 75,2021-10-04,Animal feeds,"Blue Anchor  Lane, 3001",Yes,brad_nash201967772@ovock.tech,89923852598,Valid
,,Oxford,2-737-182-784 ext 2,2021-04-12,Animal feeds,"Aylward   Pass, 3361",Yes,brad_nash201967772@ovock.tech,89911820604,Valid
,,Oxford,,2021-12-09,Bakery products,"Ernest  Way, 3637",Yes,brad_nash201967772@ovock.tech,89923912630,Valid
,,Oxford,2-737-182-784 ext 90,2021-06-15,Poultry and fish,"Pine Lane, 7402",Yes,brad_nash201967772@ovock.tech,89931827015,Valid
Brad,Nash,Oxford,2-737-182-784 ext 43,2021-11-07,Milling,"St. Johs  Tunnel, 1339",Yes,brad_nash201967772@ovock.tech,89923836038,Valid
Brad,Nash,Oxford,,2021-06-07,Bakery products,"Cable    Pass, 7653",Yes,brad_nash201967772@ovock.tech,89882497159,Valid
,,Plymouth,7-736-458-868 ext 17,2021-07-01,Meat,"Charterhouse  Rue, 8131",Yes,brad_casey91675552@extex.org,89926118230,Valid
,,Plymouth,7-736-458-868 ext 97,2021-08-14,Bakery products,"Tiptree   Route, 1011",Yes,brad_casey91675552@extex.org,89929063089,Valid
Brad,Casey,,,2021-05-06,Meat,"Badric  Tunnel, 6784",Yes,brad_casey91675552@extex.org,89931298400,Valid
Brad,Casey,Plymouth,7-736-458-868 ext 53,2021-05-14,Fruit and vegetables,"Epworth  Rue, 3508",Yes,brad_casey91675552@extex.org,89929492384,Valid
Brad,Casey,Plymouth,7-736-458-868 ext 34,2021-06-14,Poultry and fish,"Clerkenwell Vale, 6739",Yes,brad_casey91675552@extex.org,89922872749,Valid
,,Plymouth,,2021-06-22,Dairy products,"Birkbeck  Hill, 3337",Yes,brad_casey91675552@extex.org,89925842223,Valid
Bart,Lyon,Dublin,,2021-10-08,Animal feeds,"Meadow Tunnel, 4258",Yes,bart_lyon420184376@acrit.org,89923977047,Valid
Bart,Lyon,Dublin,8-027-580-538 ext 15,2021-01-24,Fruit and vegetables,"Cephas  Road, 2422",Yes,bart_lyon420184376@acrit.org,89900742244,Valid
Bart,Lyon,,,2021-04-13,Poultry and fish,"Battersea   Pass, 9501",Yes,bart_lyon420184376@acrit.org,89926296087,Valid
Bart,Lyon,Dublin,8-027-580-538 ext 36,2021-03-13,Bakery products,"Falconberg   Walk, 1055",Yes,bart_lyon420184376@acrit.org,89925130276,Valid
,,,,2021-03-26,Bakery products,"Carolina  Grove, 7558",Yes,bart_lyon420184376@acrit.org,89882497131,Valid
,,,,2021-11-02,Meat,"Rosewood Lane, 3085",Yes,bart_lyon420184376@acrit.org,89932055606,Valid
,,,,2021-02-06,Milling,"Fieldstone Alley, 5759",Yes,bart_lyon420184376@acrit.org,89931952534,Valid
,,Plymouth,,2021-10-28,Dairy products,"Gatonby   Boulevard, 8897",Yes,barry_ryan1600445419@twace.org,89910465618,Valid
,,,,2021-05-22,Milling,"Chalcot  Rue, 1079",Yes,barry_ryan1600445419@twace.org,89926118228,Valid
Barry,Ryan,Plymouth,2-742-575-850 ext 6,2021-04-13,Poultry and fish,"Chelsea Manor  Street, 3160",Yes,barry_ryan1600445419@twace.org,89924844208,Valid
Barry,Ryan,Plymouth,2-742-575-850 ext 75,2021-05-29,Bakery products,"Boleyn  Drive, 2714",Yes,barry_ryan1600445419@twace.org,89923447099,Valid
,,Limerick,3-505-033-457 ext 25,2021-01-07,Bakery products,"Arline    Way, 7987",Yes,anthony_sinclair1094808725@bungar.biz,89925160090,Valid
,,Limerick,,2021-01-16,Poultry and fish,"Rosewood Road, 969",Yes,anthony_sinclair1094808725@bungar.biz,89923942511,Valid
Anthony,Sinclair,Limerick,3-505-033-457 ext 8,2021-10-13,Poultry and fish,"Arctic   Lane, 9179",Yes,anthony_sinclair1094808725@bungar.biz,89931877296,Valid
,,Limerick,,2021-03-12,Meat,"Littlebury  Crossroad, 278",Yes,anthony_sinclair1094808725@bungar.biz,89923994142,Valid
Alan,Warner,England,7-260-282-170 ext 87,2021-04-28,Meat,"Bede  Avenue, 4773",Yes,alan_warner22954315@fuliss.net,89929492338,Valid
Alan,Warner,England,7-260-282-170 ext 2,2021-03-04,Poultry and fish,"Cedarne  Vale, 145",Yes,alan_warner22954315@fuliss.net,89922872760,Valid
,,England,,2021-08-08,Bakery products,"Timothy  Lane, 7367",Yes,alan_warner22954315@fuliss.net,89924828747,Valid
,,England,7-260-282-170 ext 44,2021-12-06,Bakery products,"Chartham  Tunnel, 2674",Yes,alan_warner22954315@fuliss.net,89922428342,Valid
,,England,,2021-05-28,Fruit and vegetables,"Vincent  Drive, 874",Yes,alan_warner22954315@fuliss.net,89922983299,Valid
